                    ;                   ;                   ;                   ;                   ;0.0370450019836    ;0.0370450019836    ;1
                    ;                   ;                   ;                   ;                   ;0.0370881557465    ;0.0370881557465    ;1
                    ;                   ;                   ;                   ;                   ;0.0346140861511    ;0.0346140861511    ;1
                    ;                   ;                   ;                   ;                   ;0.0123569965363    ;0.0123569965363    ;1
                    ;                   ;                   ;                   ;                   ;0.0120170116425    ;0.0120170116425    ;1
                    ;                   ;                   ;                   ;                   ;0.00678896903992   ;0.00678896903992   ;1
                    ;                   ;                   ;                   ;                   ;0.0231649875641    ;0.0231649875641    ;1
                    ;                   ;                   ;                   ;                   ;0.0236079692841    ;0.0236079692841    ;1
                    ;                   ;                   ;                   ;                   ;0.0193130970001    ;0.0193130970001    ;1
                    ;                   ;                   ;                   ;                   ;0.0149297714233    ;0.0149297714233    ;1
                    ;                   ;                   ;                   ;                   ;0.0148508548737    ;0.0148508548737    ;1
                    ;                   ;                   ;                   ;                   ;0.0123579502106    ;0.0123579502106    ;1
                    ;                   ;                   ;                   ;                   ;0.011510848999     ;0.011510848999     ;1
                    ;                   ;                   ;                   ;                   ;0.0112969875336    ;0.0112969875336    ;1
                    ;                   ;                   ;                   ;                   ;0.0107707977295    ;0.0107707977295    ;1
                    ;                   ;                   ;                   ;                   ;0.0075409412384    ;0.0075409412384    ;1
                    ;                   ;                   ;                   ;                   ;0.00771403312683   ;0.00771403312683   ;1
                    ;                   ;                   ;                   ;                   ;0.00862812995911   ;0.00862812995911   ;1
                    ;                   ;                   ;                   ;                   ;0.00799298286438   ;0.00799298286438   ;1
                    ;                   ;                   ;                   ;                   ;0.00754594802856   ;0.00754594802856   ;1
                    ;                   ;                   ;                   ;                   ;0.00797915458679   ;0.00797915458679   ;1
                    ;                   ;                   ;                   ;                   ;0.0128839015961    ;0.0128839015961    ;1
                    ;                   ;                   ;                   ;                   ;0.012717962265     ;0.012717962265     ;1
                    ;                   ;                   ;                   ;                   ;0.0142781734467    ;0.0142781734467    ;1
                    ;                   ;                   ;                   ;                   ;0.0233058929443    ;0.0233058929443    ;1
                    ;                   ;                   ;                   ;                   ;0.0243558883667    ;0.0243558883667    ;1
                    ;                   ;                   ;                   ;                   ;0.0219249725342    ;0.0219249725342    ;1
                    ;                   ;                   ;                   ;                   ;0.0570578575134    ;0.0570578575134    ;1
                    ;                   ;                   ;                   ;                   ;0.0570261478424    ;0.0570261478424    ;1
                    ;                   ;                   ;                   ;                   ;0.0616321563721    ;0.0616321563721    ;1
                    ;                   ;                   ;                   ;                   ;0.0320317745209    ;0.0320317745209    ;1
                    ;                   ;                   ;                   ;                   ;0.0328040122986    ;0.0328040122986    ;1
                    ;                   ;                   ;                   ;                   ;0.0345530509949    ;0.0345530509949    ;1
                    ;                   ;                   ;                   ;                   ;0.0147910118103    ;0.0147910118103    ;1
                    ;                   ;                   ;                   ;                   ;0.0144639015198    ;0.0144639015198    ;1
                    ;                   ;                   ;                   ;                   ;0.015734910965     ;0.015734910965     ;1
                    ;                   ;                   ;                   ;                   ;0.0273339748383    ;0.0273339748383    ;1
                    ;                   ;                   ;                   ;                   ;0.0304019451141    ;0.0304019451141    ;1
                    ;                   ;                   ;                   ;                   ;0.0831508636475    ;0.0831508636475    ;1
                    ;                   ;                   ;                   ;                   ;0.0835130214691    ;0.0835130214691    ;1
                    ;                   ;                   ;                   ;                   ;0.0467700958252    ;0.0467700958252    ;1
                    ;                   ;                   ;                   ;                   ;0.0127151012421    ;0.0127151012421    ;1
                    ;                   ;                   ;                   ;                   ;0.00900197029114   ;0.00900197029114   ;1
                    ;                   ;                   ;                   ;                   ;0.0081729888916    ;0.0081729888916    ;0
                    ;                   ;                   ;                   ;                   ;0.00766897201538   ;0.00766897201538   ;1
                    ;                   ;                   ;                   ;                   ;0.00785803794861   ;0.00785803794861   ;1
                    ;                   ;                   ;                   ;                   ;0.00859904289246   ;0.00859904289246   ;1
                    ;                   ;                   ;                   ;                   ;0.00723195075989   ;0.00723195075989   ;1
                    ;                   ;                   ;                   ;                   ;0.00731110572815   ;0.00731110572815   ;1
                    ;                   ;                   ;                   ;                   ;0.00693988800049   ;0.00693988800049   ;1
                    ;                   ;                   ;                   ;                   ;0.00783801078796   ;0.00783801078796   ;1
                    ;                   ;                   ;                   ;                   ;0.0113210678101    ;0.0113210678101    ;0
                    ;                   ;                   ;                   ;                   ;0.034022808075     ;0.034022808075     ;1
                    ;                   ;                   ;                   ;                   ;0.0341408252716    ;0.0341408252716    ;1
                    ;                   ;                   ;                   ;                   ;0.0313332080841    ;0.0313332080841    ;1
                    ;                   ;                   ;                   ;                   ;0.0770580768585    ;0.0770580768585    ;1
                    ;                   ;                   ;                   ;                   ;0.0793409347534    ;0.0793409347534    ;1
                    ;                   ;                   ;                   ;                   ;0.0598511695862    ;0.0598511695862    ;1
                    ;                   ;                   ;                   ;                   ;0.172314167023     ;0.172314167023     ;1
                    ;                   ;                   ;                   ;                   ;0.172468900681     ;0.172468900681     ;1
                    ;                   ;                   ;                   ;                   ;0.127600193024     ;0.127600193024     ;1
                    ;                   ;                   ;                   ;                   ;0.0325288772583    ;0.0325288772583    ;1
                    ;                   ;                   ;                   ;                   ;0.0331211090088    ;0.0331211090088    ;1
                    ;                   ;                   ;                   ;                   ;0.0280501842499    ;0.0280501842499    ;1
                    ;                   ;                   ;                   ;                   ;0.034029006958     ;0.034029006958     ;1
                    ;                   ;                   ;                   ;                   ;0.0336999893188    ;0.0336999893188    ;1
                    ;                   ;                   ;                   ;                   ;0.034558057785     ;0.034558057785     ;1
                    ;                   ;                   ;                   ;                   ;0.0483710765839    ;0.0483710765839    ;1
                    ;                   ;                   ;                   ;                   ;0.0482940673828    ;0.0482940673828    ;1
                    ;                   ;                   ;                   ;                   ;0.0448429584503    ;0.0448429584503    ;1
                    ;                   ;                   ;                   ;                   ;0.0320219993591    ;0.0320219993591    ;1
                    ;                   ;                   ;                   ;                   ;0.0332758426666    ;0.0332758426666    ;1
                    ;                   ;                   ;                   ;                   ;0.0322351455688    ;0.0322351455688    ;1
                    ;                   ;                   ;                   ;                   ;0.0366239547729    ;0.0366239547729    ;1
                    ;                   ;                   ;                   ;                   ;0.134594917297     ;0.134594917297     ;1
                    ;                   ;                   ;                   ;                   ;0.134801864624     ;0.134801864624     ;1
                    ;                   ;                   ;                   ;                   ;0.286427021027     ;0.286427021027     ;1
                    ;                   ;                   ;                   ;                   ;0.0162320137024    ;0.0162320137024    ;1
                    ;                   ;                   ;                   ;                   ;0.0531990528107    ;0.0531990528107    ;1
                    ;                   ;                   ;                   ;                   ;0.0498640537262    ;0.0498640537262    ;1
                    ;                   ;                   ;                   ;                   ;0.0393559932709    ;0.0393559932709    ;1
                    ;                   ;                   ;                   ;                   ;0.0111689567566    ;0.0111689567566    ;0
                    ;                   ;                   ;                   ;                   ;0.0473041534424    ;0.0473041534424    ;1
                    ;                   ;                   ;                   ;                   ;0.0490188598633    ;0.0490188598633    ;1
                    ;                   ;                   ;                   ;                   ;0.0361070632935    ;0.0361070632935    ;1
                    ;                   ;                   ;                   ;                   ;0.0770170688629    ;0.0770170688629    ;1
                    ;                   ;                   ;                   ;                   ;0.0793061256409    ;0.0793061256409    ;1
                    ;                   ;                   ;                   ;                   ;0.0595219135284    ;0.0595219135284    ;1
                    ;                   ;                   ;                   ;                   ;0.219045877457     ;0.219045877457     ;1
                    ;                   ;                   ;                   ;                   ;0.223623037338     ;0.223623037338     ;1
                    ;                   ;                   ;                   ;                   ;0.182678937912     ;0.182678937912     ;1
                    ;                   ;                   ;                   ;                   ;0.208330154419     ;0.208330154419     ;1
                    ;                   ;                   ;                   ;                   ;0.224832057953     ;0.224832057953     ;1
                    ;                   ;                   ;                   ;                   ;0.205161094666     ;0.205161094666     ;1
                    ;                   ;                   ;                   ;                   ;0.218124866486     ;0.218124866486     ;1
                    ;                   ;                   ;                   ;                   ;0.224072933197     ;0.224072933197     ;1
                    ;                   ;                   ;                   ;                   ;0.183722019196     ;0.183722019196     ;1
                    ;                   ;                   ;                   ;                   ;0.207554101944     ;0.207554101944     ;1
                    ;                   ;                   ;                   ;                   ;0.224812984467     ;0.224812984467     ;1
                    ;                   ;                   ;                   ;                   ;0.204674005508     ;0.204674005508     ;1
                    ;                   ;                   ;                   ;                   ;0.0623638629913    ;0.0623638629913    ;0
                    ;                   ;                   ;                   ;                   ;0.206266880035     ;0.206266880035     ;1
                    ;                   ;                   ;                   ;                   ;0.207841873169     ;0.207841873169     ;1
                    ;                   ;                   ;                   ;                   ;0.155448913574     ;0.155448913574     ;1
                    ;                   ;                   ;                   ;                   ;0.0951011180878    ;0.0951011180878    ;1
                    ;                   ;                   ;                   ;                   ;0.0953710079193    ;0.0953710079193    ;1
                    ;                   ;                   ;                   ;                   ;0.0893211364746    ;0.0893211364746    ;1
                    ;                   ;                   ;                   ;                   ;0.279825925827     ;0.279825925827     ;1
                    ;                   ;                   ;                   ;                   ;0.279829978943     ;0.279829978943     ;1
                    ;                   ;                   ;                   ;                   ;0.184043169022     ;0.184043169022     ;1
                    ;                   ;                   ;                   ;                   ;0.203091144562     ;0.203091144562     ;0
                    ;                   ;                   ;                   ;                   ;0.456724882126     ;0.456724882126     ;1
                    ;                   ;                   ;                   ;                   ;0.457098007202     ;0.457098007202     ;1
                    ;                   ;                   ;                   ;                   ;0.195822000504     ;0.195822000504     ;1
                    ;                   ;                   ;                   ;                   ;0.21829199791      ;0.21829199791      ;1
                    ;                   ;                   ;                   ;                   ;0.22359418869      ;0.22359418869      ;1
                    ;                   ;                   ;                   ;                   ;0.182689905167     ;0.182689905167     ;1
                    ;                   ;                   ;                   ;                   ;0.207751989365     ;0.207751989365     ;1
                    ;                   ;                   ;                   ;                   ;0.224999904633     ;0.224999904633     ;1
                    ;                   ;                   ;                   ;                   ;0.204406023026     ;0.204406023026     ;1
                    ;                   ;                   ;                   ;                   ;1.03885889053      ;1.03885889053      ;1
                    ;                   ;                   ;                   ;                   ;1.03844499588      ;1.03844499588      ;1
                    ;                   ;                   ;                   ;                   ;0.459826946259     ;0.459826946259     ;1
                    ;                   ;                   ;                   ;                   ;0.725842952728     ;0.725842952728     ;1
                    ;                   ;                   ;                   ;                   ;0.725855112076     ;0.725855112076     ;1
                    ;                   ;                   ;                   ;                   ;0.542789936066     ;0.542789936066     ;1
                    ;                   ;                   ;                   ;                   ;2.16331291199      ;2.16331291199      ;1
                    ;                   ;                   ;                   ;                   ;2.17881798744      ;2.17881798744      ;1
                    ;                   ;                   ;                   ;                   ;1.86503005028      ;1.86503005028      ;1
                    ;                   ;                   ;                   ;                   ;0.213770866394     ;0.213770866394     ;1
                    ;                   ;                   ;                   ;                   ;0.212924957275     ;0.212924957275     ;1
                    ;                   ;                   ;                   ;                   ;0.077712059021     ;0.077712059021     ;1
                    ;                   ;                   ;                   ;                   ;0.0787928104401    ;0.0787928104401    ;1
                    ;                   ;                   ;                   ;                   ;0.0698390007019    ;0.0698390007019    ;1
                    ;                   ;                   ;                   ;                   ;0.159396886826     ;0.159396886826     ;1
                    ;                   ;                   ;                   ;                   ;0.160999774933     ;0.160999774933     ;1
                    ;                   ;                   ;                   ;                   ;0.172568082809     ;0.172568082809     ;1
                    ;                   ;                   ;                   ;                   ;0.560637950897     ;0.560637950897     ;1
                    ;                   ;                   ;                   ;                   ;0.622901916504     ;0.622901916504     ;1
                    ;                   ;                   ;                   ;                   ;0.717643022537     ;0.717643022537     ;1
                    ;                   ;                   ;                   ;                   ;0.59977889061      ;0.59977889061      ;1
                    ;                   ;                   ;                   ;                   ;0.643240213394     ;0.643240213394     ;1
                    ;                   ;                   ;                   ;                   ;0.674705028534     ;0.674705028534     ;1
                    ;                   ;                   ;                   ;                   ;0.0776290893555    ;0.0776290893555    ;1
                    ;                   ;                   ;                   ;                   ;0.0786628723145    ;0.0786628723145    ;1
                    ;                   ;                   ;                   ;                   ;0.069521188736     ;0.069521188736     ;1
                    ;                   ;                   ;                   ;                   ;0.158767938614     ;0.158767938614     ;1
                    ;                   ;                   ;                   ;                   ;0.16024518013      ;0.16024518013      ;1
                    ;                   ;                   ;                   ;                   ;0.172966957092     ;0.172966957092     ;1
                    ;                   ;                   ;                   ;                   ;0.560550928116     ;0.560550928116     ;1
                    ;                   ;                   ;                   ;                   ;0.622725009918     ;0.622725009918     ;1
                    ;                   ;                   ;                   ;                   ;0.718091964722     ;0.718091964722     ;1
                    ;                   ;                   ;                   ;                   ;0.599866867065     ;0.599866867065     ;1
                    ;                   ;                   ;                   ;                   ;0.642223119736     ;0.642223119736     ;1
                    ;                   ;                   ;                   ;                   ;0.674157142639     ;0.674157142639     ;1
                    ;                   ;                   ;                   ;                   ;0.0360219478607    ;0.0360219478607    ;1
                    ;                   ;                   ;                   ;                   ;0.0321781635284    ;0.0321781635284    ;1
                    ;                   ;                   ;                   ;                   ;0.0315020084381    ;0.0315020084381    ;1
                    ;                   ;                   ;                   ;                   ;0.922880887985     ;0.922880887985     ;1
                    ;                   ;                   ;                   ;                   ;0.923293113708     ;0.923293113708     ;1
                    ;                   ;                   ;                   ;                   ;0.388345003128     ;0.388345003128     ;1
                    ;                   ;                   ;                   ;                   ;0.922137022018     ;0.922137022018     ;1
                    ;                   ;                   ;                   ;                   ;0.922245979309     ;0.922245979309     ;1
                    ;                   ;                   ;                   ;                   ;0.388083934784     ;0.388083934784     ;1
                    ;                   ;                   ;                   ;                   ;0.0774910449982    ;0.0774910449982    ;1
                    ;                   ;                   ;                   ;                   ;0.0784981250763    ;0.0784981250763    ;1
                    ;                   ;                   ;                   ;                   ;0.0698711872101    ;0.0698711872101    ;1
                    ;                   ;                   ;                   ;                   ;0.159140110016     ;0.159140110016     ;1
                    ;                   ;                   ;                   ;                   ;0.16023516655      ;0.16023516655      ;1
                    ;                   ;                   ;                   ;                   ;0.172510147095     ;0.172510147095     ;1
                    ;                   ;                   ;                   ;                   ;0.31209397316      ;0.31209397316      ;1
                    ;                   ;                   ;                   ;                   ;0.307312965393     ;0.307312965393     ;1
                    ;                   ;                   ;                   ;                   ;0.335027933121     ;0.335027933121     ;1
                    ;                   ;                   ;                   ;                   ;0.561158895493     ;0.561158895493     ;1
                    ;                   ;                   ;                   ;                   ;0.624562978745     ;0.624562978745     ;1
                    ;                   ;                   ;                   ;                   ;0.718318939209     ;0.718318939209     ;1
                    ;                   ;                   ;                   ;                   ;0.600302934647     ;0.600302934647     ;1
                    ;                   ;                   ;                   ;                   ;0.642282009125     ;0.642282009125     ;1
                    ;                   ;                   ;                   ;                   ;0.673699140549     ;0.673699140549     ;1
                    ;                   ;                   ;                   ;                   ;0.0799980163574    ;0.0799980163574    ;1
                    ;                   ;                   ;                   ;                   ;0.158119916916     ;0.158119916916     ;1
                    ;                   ;                   ;                   ;                   ;0.526335000992     ;0.526335000992     ;1
                    ;                   ;                   ;                   ;                   ;0.58035993576      ;0.58035993576      ;1
                    ;                   ;                   ;                   ;                   ;2.73222112656      ;2.73222112656      ;1
                    ;                   ;                   ;                   ;                   ;2.76003289223      ;2.76003289223      ;1
                    ;                   ;                   ;                   ;                   ;1.11013698578      ;1.11013698578      ;1
                    ;                   ;                   ;                   ;                   ;0.0426800251007    ;0.0426800251007    ;1
                    ;                   ;                   ;                   ;                   ;0.040421962738     ;0.040421962738     ;1
                    ;                   ;                   ;                   ;                   ;0.0318691730499    ;0.0318691730499    ;1
                    ;                   ;                   ;                   ;                   ;0.0427520275116    ;0.0427520275116    ;1
                    ;                   ;                   ;                   ;                   ;0.0402839183807    ;0.0402839183807    ;1
                    ;                   ;                   ;                   ;                   ;0.0320479869843    ;0.0320479869843    ;1
                    ;                   ;                   ;                   ;                   ;0.0426700115204    ;0.0426700115204    ;1
                    ;                   ;                   ;                   ;                   ;0.0400741100311    ;0.0400741100311    ;1
                    ;                   ;                   ;                   ;                   ;0.0316939353943    ;0.0316939353943    ;1
                    ;                   ;                   ;                   ;                   ;0.0426030158997    ;0.0426030158997    ;1
                    ;                   ;                   ;                   ;                   ;0.0664110183716    ;0.0664110183716    ;1
                    ;                   ;                   ;                   ;                   ;0.0358030796051    ;0.0358030796051    ;1
                    ;                   ;                   ;                   ;                   ;0.0695569515228    ;0.0695569515228    ;1
                    ;                   ;                   ;                   ;                   ;0.203833818436     ;0.203833818436     ;1
                    ;                   ;                   ;                   ;                   ;0.194428920746     ;0.194428920746     ;1
                    ;                   ;                   ;                   ;                   ;0.0628499984741    ;0.0628499984741    ;1
                    ;                   ;                   ;                   ;                   ;0.155253887177     ;0.155253887177     ;1
                    ;                   ;                   ;                   ;                   ;0.155086040497     ;0.155086040497     ;1
                    ;                   ;                   ;                   ;                   ;0.0763399600983    ;0.0763399600983    ;1
                    ;                   ;                   ;                   ;                   ;0.156090974808     ;0.156090974808     ;1
                    ;                   ;                   ;                   ;                   ;0.1555519104       ;0.1555519104       ;1
                    ;                   ;                   ;                   ;                   ;0.0762140750885    ;0.0762140750885    ;1
                    ;                   ;                   ;                   ;                   ;0.0554339885712    ;0.0554339885712    ;1
                    ;                   ;                   ;                   ;                   ;0.0543251037598    ;0.0543251037598    ;1
                    ;                   ;                   ;                   ;                   ;0.06480884552      ;0.06480884552      ;1
                    ;                   ;                   ;                   ;                   ;0.0565659999847    ;0.0565659999847    ;1
                    ;                   ;                   ;                   ;                   ;0.0552880764008    ;0.0552880764008    ;1
                    ;                   ;                   ;                   ;                   ;0.0641400814056    ;0.0641400814056    ;1
                    ;                   ;                   ;                   ;                   ;0.0553090572357    ;0.0553090572357    ;1
                    ;                   ;                   ;                   ;                   ;0.0549328327179    ;0.0549328327179    ;1
                    ;                   ;                   ;                   ;                   ;0.0648260116577    ;0.0648260116577    ;1
                    ;                   ;                   ;                   ;                   ;0.0842800140381    ;0.0842800140381    ;1
                    ;                   ;                   ;                   ;                   ;0.0841720104218    ;0.0841720104218    ;1
                    ;                   ;                   ;                   ;                   ;0.0635788440704    ;0.0635788440704    ;1
                    ;                   ;                   ;                   ;                   ;0.0558919906616    ;0.0558919906616    ;1
                    ;                   ;                   ;                   ;                   ;0.0654950141907    ;0.0654950141907    ;1
                    ;                   ;                   ;                   ;                   ;0.0672810077667    ;0.0672810077667    ;1
                    ;                   ;                   ;                   ;                   ;0.0794820785522    ;0.0794820785522    ;1
                    ;                   ;                   ;                   ;                   ;0.0684170722961    ;0.0684170722961    ;1
                    ;                   ;                   ;                   ;                   ;0.069748878479     ;0.069748878479     ;1
                    ;                   ;                   ;                   ;                   ;0.077164888382     ;0.077164888382     ;1
                    ;                   ;                   ;                   ;                   ;0.0655019283295    ;0.0655019283295    ;1
                    ;                   ;                   ;                   ;                   ;0.0675508975983    ;0.0675508975983    ;1
                    ;                   ;                   ;                   ;                   ;0.0794298648834    ;0.0794298648834    ;1
                    ;                   ;                   ;                   ;                   ;0.0686118602753    ;0.0686118602753    ;1
                    ;                   ;                   ;                   ;                   ;0.0696079730988    ;0.0696079730988    ;1
                    ;                   ;                   ;                   ;                   ;0.0775499343872    ;0.0775499343872    ;1
                    ;                   ;                   ;                   ;                   ;0.128827095032     ;0.128827095032     ;1
                    ;                   ;                   ;                   ;                   ;0.123172998428     ;0.123172998428     ;1
                    ;                   ;                   ;                   ;                   ;0.112104892731     ;0.112104892731     ;1
                    ;                   ;                   ;                   ;                   ;0.0657141208649    ;0.0657141208649    ;1
                    ;                   ;                   ;                   ;                   ;0.0673069953918    ;0.0673069953918    ;1
                    ;                   ;                   ;                   ;                   ;0.0787558555603    ;0.0787558555603    ;1
                    ;                   ;                   ;                   ;                   ;0.0684418678284    ;0.0684418678284    ;1
                    ;                   ;                   ;                   ;                   ;0.0694830417633    ;0.0694830417633    ;1
                    ;                   ;                   ;                   ;                   ;0.0769441127777    ;0.0769441127777    ;1
                    ;                   ;                   ;                   ;                   ;0.0659530162811    ;0.0659530162811    ;1
                    ;                   ;                   ;                   ;                   ;0.0658991336823    ;0.0658991336823    ;1
                    ;                   ;                   ;                   ;                   ;0.112128019333     ;0.112128019333     ;1
                    ;                   ;                   ;                   ;                   ;0.105717182159     ;0.105717182159     ;1
                    ;                   ;                   ;                   ;                   ;0.0782780647278    ;0.0782780647278    ;1
                    ;                   ;                   ;                   ;                   ;0.139611005783     ;0.139611005783     ;1
                    ;                   ;                   ;                   ;                   ;0.139576911926     ;0.139576911926     ;1
                    ;                   ;                   ;                   ;                   ;0.110460042953     ;0.110460042953     ;1
                    ;                   ;                   ;                   ;                   ;0.111885070801     ;0.111885070801     ;1
                    ;                   ;                   ;                   ;                   ;0.105610132217     ;0.105610132217     ;1
                    ;                   ;                   ;                   ;                   ;0.0776259899139    ;0.0776259899139    ;1
                    ;                   ;                   ;                   ;                   ;0.0956819057465    ;0.0956819057465    ;1
                    ;                   ;                   ;                   ;                   ;0.0956838130951    ;0.0956838130951    ;1
                    ;                   ;                   ;                   ;                   ;0.0950009822845    ;0.0950009822845    ;1
                    ;                   ;                   ;                   ;                   ;0.139322042465     ;0.139322042465     ;1
                    ;                   ;                   ;                   ;                   ;0.139366149902     ;0.139366149902     ;1
                    ;                   ;                   ;                   ;                   ;0.11047911644      ;0.11047911644      ;1
                    ;                   ;                   ;                   ;                   ;0.111444950104     ;0.111444950104     ;1
                    ;                   ;                   ;                   ;                   ;0.105624914169     ;0.105624914169     ;1
                    ;                   ;                   ;                   ;                   ;0.0778059959412    ;0.0778059959412    ;1
                    ;                   ;                   ;                   ;                   ;0.107652902603     ;0.107652902603     ;1
                    ;                   ;                   ;                   ;                   ;0.10401391983      ;0.10401391983      ;1
                    ;                   ;                   ;                   ;                   ;0.0885059833527    ;0.0885059833527    ;1
                    ;                   ;                   ;                   ;                   ;0.104011058807     ;0.104011058807     ;1
                    ;                   ;                   ;                   ;                   ;0.0883100032806    ;0.0883100032806    ;1
                    ;                   ;                   ;                   ;                   ;0.104041099548     ;0.104041099548     ;1
                    ;                   ;                   ;                   ;                   ;0.0880689620972    ;0.0880689620972    ;1
                    ;                   ;                   ;                   ;                   ;0.265294075012     ;0.265294075012     ;1
                    ;                   ;                   ;                   ;                   ;0.258285999298     ;0.258285999298     ;1
                    ;                   ;                   ;                   ;                   ;0.362164020538     ;0.362164020538     ;1
                    ;                   ;                   ;                   ;                   ;0.265694141388     ;0.265694141388     ;1
                    ;                   ;                   ;                   ;                   ;0.259037971497     ;0.259037971497     ;1
                    ;                   ;                   ;                   ;                   ;0.361937999725     ;0.361937999725     ;1
                    ;                   ;                   ;                   ;                   ;0.115300893784     ;0.115300893784     ;1
                    ;                   ;                   ;                   ;                   ;0.115815877914     ;0.115815877914     ;1
                    ;                   ;                   ;                   ;                   ;0.103157997131     ;0.103157997131     ;1
                    ;                   ;                   ;                   ;                   ;0.115303039551     ;0.115303039551     ;1
                    ;                   ;                   ;                   ;                   ;0.115552902222     ;0.115552902222     ;1
                    ;                   ;                   ;                   ;                   ;0.103089809418     ;0.103089809418     ;1
                    ;                   ;                   ;                   ;                   ;0.266005992889     ;0.266005992889     ;1
                    ;                   ;                   ;                   ;                   ;0.258648872375     ;0.258648872375     ;1
                    ;                   ;                   ;                   ;                   ;0.362788915634     ;0.362788915634     ;1
                    ;                   ;                   ;                   ;                   ;0.320151090622     ;0.320151090622     ;1
                    ;                   ;                   ;                   ;                   ;0.328943967819     ;0.328943967819     ;1
                    ;                   ;                   ;                   ;                   ;0.397139072418     ;0.397139072418     ;1
                    ;                   ;                   ;                   ;                   ;0.265673160553     ;0.265673160553     ;1
                    ;                   ;                   ;                   ;                   ;0.324646949768     ;0.324646949768     ;1
                    ;                   ;                   ;                   ;                   ;0.100660800934     ;0.100660800934     ;1
                    ;                   ;                   ;                   ;                   ;0.0981869697571    ;0.0981869697571    ;1
                    ;                   ;                   ;                   ;                   ;0.104928016663     ;0.104928016663     ;1
                    ;                   ;                   ;                   ;                   ;0.102389097214     ;0.102389097214     ;1
                    ;                   ;                   ;                   ;                   ;0.101516008377     ;0.101516008377     ;1
                    ;                   ;                   ;                   ;                   ;0.0986969470978    ;0.0986969470978    ;1
                    ;                   ;                   ;                   ;                   ;0.104998111725     ;0.104998111725     ;1
                    ;                   ;                   ;                   ;                   ;0.103079795837     ;0.103079795837     ;1
                    ;                   ;                   ;                   ;                   ;0.076112985611     ;0.076112985611     ;1
                    ;                   ;                   ;                   ;                   ;0.075541973114     ;0.075541973114     ;1
                    ;                   ;                   ;                   ;                   ;0.0700550079346    ;0.0700550079346    ;1
                    ;                   ;                   ;                   ;                   ;0.0758759975433    ;0.0758759975433    ;1
                    ;                   ;                   ;                   ;                   ;0.0763981342316    ;0.0763981342316    ;1
                    ;                   ;                   ;                   ;                   ;0.0677859783173    ;0.0677859783173    ;1
                    ;                   ;                   ;                   ;                   ;0.101276874542     ;0.101276874542     ;1
                    ;                   ;                   ;                   ;                   ;0.0982940196991    ;0.0982940196991    ;1
                    ;                   ;                   ;                   ;                   ;0.104893922806     ;0.104893922806     ;1
                    ;                   ;                   ;                   ;                   ;0.102854967117     ;0.102854967117     ;1
                    ;                   ;                   ;                   ;                   ;0.110655069351     ;0.110655069351     ;1
                    ;                   ;                   ;                   ;                   ;0.108302116394     ;0.108302116394     ;1
                    ;                   ;                   ;                   ;                   ;0.0955679416656    ;0.0955679416656    ;1
                    ;                   ;                   ;                   ;                   ;0.102720975876     ;0.102720975876     ;1
                    ;                   ;                   ;                   ;                   ;0.107491970062     ;0.107491970062     ;1
                    ;                   ;                   ;                   ;                   ;0.113736867905     ;0.113736867905     ;1
                    ;                   ;                   ;                   ;                   ;0.100328922272     ;0.100328922272     ;1
                    ;                   ;                   ;                   ;                   ;0.098541021347     ;0.098541021347     ;1
                    ;                   ;                   ;                   ;                   ;0.101473093033     ;0.101473093033     ;1
                    ;                   ;                   ;                   ;                   ;0.110790967941     ;0.110790967941     ;1
                    ;                   ;                   ;                   ;                   ;0.101474046707     ;0.101474046707     ;1
                    ;                   ;                   ;                   ;                   ;0.113640785217     ;0.113640785217     ;1
                    ;                   ;                   ;                   ;                   ;0.118242025375     ;0.118242025375     ;1
                    ;                   ;                   ;                   ;                   ;0.11757683754      ;0.11757683754      ;1
                    ;                   ;                   ;                   ;                   ;0.114666938782     ;0.114666938782     ;1
                    ;                   ;                   ;                   ;                   ;0.113684892654     ;0.113684892654     ;1
                    ;                   ;                   ;                   ;                   ;0.112488985062     ;0.112488985062     ;1
                    ;                   ;                   ;                   ;                   ;0.095605134964     ;0.095605134964     ;1
                    ;                   ;                   ;                   ;                   ;0.103510856628     ;0.103510856628     ;1
                    ;                   ;                   ;                   ;                   ;0.10772895813      ;0.10772895813      ;1
                    ;                   ;                   ;                   ;                   ;0.113847970963     ;0.113847970963     ;1
                    ;                   ;                   ;                   ;                   ;0.100617170334     ;0.100617170334     ;1
                    ;                   ;                   ;                   ;                   ;0.0988872051239    ;0.0988872051239    ;1
                    ;                   ;                   ;                   ;                   ;0.101819038391     ;0.101819038391     ;1
                    ;                   ;                   ;                   ;                   ;0.111216068268     ;0.111216068268     ;1
                    ;                   ;                   ;                   ;                   ;0.101388931274     ;0.101388931274     ;1
                    ;                   ;                   ;                   ;                   ;0.113591909409     ;0.113591909409     ;1
                    ;                   ;                   ;                   ;                   ;0.118458986282     ;0.118458986282     ;1
                    ;                   ;                   ;                   ;                   ;0.117295026779     ;0.117295026779     ;1
                    ;                   ;                   ;                   ;                   ;0.115633964539     ;0.115633964539     ;1
                    ;                   ;                   ;                   ;                   ;0.114439964294     ;0.114439964294     ;1
                    ;                   ;                   ;                   ;                   ;0.112265825272     ;0.112265825272     ;1
                    ;                   ;                   ;                   ;                   ;0.0955159664154    ;0.0955159664154    ;1
                    ;                   ;                   ;                   ;                   ;0.103376150131     ;0.103376150131     ;1
                    ;                   ;                   ;                   ;                   ;0.107931852341     ;0.107931852341     ;1
                    ;                   ;                   ;                   ;                   ;0.113788127899     ;0.113788127899     ;1
                    ;                   ;                   ;                   ;                   ;0.10039806366      ;0.10039806366      ;1
                    ;                   ;                   ;                   ;                   ;0.0986001491547    ;0.0986001491547    ;1
                    ;                   ;                   ;                   ;                   ;0.101432085037     ;0.101432085037     ;1
                    ;                   ;                   ;                   ;                   ;0.111392974854     ;0.111392974854     ;1
                    ;                   ;                   ;                   ;                   ;0.1015188694       ;0.1015188694       ;1
                    ;                   ;                   ;                   ;                   ;0.113646030426     ;0.113646030426     ;1
                    ;                   ;                   ;                   ;                   ;0.118726968765     ;0.118726968765     ;1
                    ;                   ;                   ;                   ;                   ;0.117417097092     ;0.117417097092     ;1
                    ;                   ;                   ;                   ;                   ;0.115213871002     ;0.115213871002     ;1
                    ;                   ;                   ;                   ;                   ;0.114988088608     ;0.114988088608     ;1
                    ;                   ;                   ;                   ;                   ;0.112910985947     ;0.112910985947     ;1
                    ;                   ;                   ;                   ;                   ;0.0959579944611    ;0.0959579944611    ;1
                    ;                   ;                   ;                   ;                   ;0.108224153519     ;0.108224153519     ;1
                    ;                   ;                   ;                   ;                   ;0.109445810318     ;0.109445810318     ;1
                    ;                   ;                   ;                   ;                   ;0.1205098629       ;0.1205098629       ;1
                    ;                   ;                   ;                   ;                   ;0.116206884384     ;0.116206884384     ;1
                    ;                   ;                   ;                   ;                   ;0.13837313652      ;0.13837313652      ;1
                    ;                   ;                   ;                   ;                   ;0.349780082703     ;0.349780082703     ;1
                    ;                   ;                   ;                   ;                   ;0.370302915573     ;0.370302915573     ;1
                    ;                   ;                   ;                   ;                   ;0.36759519577      ;0.36759519577      ;1
                    ;                   ;                   ;                   ;                   ;0.350073099136     ;0.350073099136     ;1
                    ;                   ;                   ;                   ;                   ;0.370001077652     ;0.370001077652     ;1
                    ;                   ;                   ;                   ;                   ;0.367653846741     ;0.367653846741     ;1
                    ;                   ;                   ;                   ;                   ;0.404503107071     ;0.404503107071     ;1
                    ;                   ;                   ;                   ;                   ;0.48325586319      ;0.48325586319      ;1
                    ;                   ;                   ;                   ;                   ;0.285229921341     ;0.285229921341     ;1
                    ;                   ;                   ;                   ;                   ;0.282222032547     ;0.282222032547     ;1
                    ;                   ;                   ;                   ;                   ;0.267529010773     ;0.267529010773     ;1
                    ;                   ;                   ;                   ;                   ;0.404283046722     ;0.404283046722     ;1
                    ;                   ;                   ;                   ;                   ;0.482606172562     ;0.482606172562     ;1
                    ;                   ;                   ;                   ;                   ;0.284705877304     ;0.284705877304     ;1
                    ;                   ;                   ;                   ;                   ;0.281398057938     ;0.281398057938     ;1
                    ;                   ;                   ;                   ;                   ;0.266983985901     ;0.266983985901     ;1
                    ;                   ;                   ;                   ;                   ;0.404661893845     ;0.404661893845     ;1
                    ;                   ;                   ;                   ;                   ;0.483283042908     ;0.483283042908     ;1
                    ;                   ;                   ;                   ;                   ;0.413072109222     ;0.413072109222     ;1
                    ;                   ;                   ;                   ;                   ;0.413058042526     ;0.413058042526     ;1
                    ;                   ;                   ;                   ;                   ;0.414016008377     ;0.414016008377     ;1
                    ;                   ;                   ;                   ;                   ;0.15861082077      ;0.15861082077      ;0
                    ;                   ;                   ;                   ;                   ;0.159495830536     ;0.159495830536     ;0
                    ;                   ;                   ;                   ;                   ;0.15872502327      ;0.15872502327      ;0
                    ;                   ;                   ;                   ;                   ;0.141484975815     ;0.141484975815     ;0
                    ;                   ;                   ;                   ;                   ;0.149832010269     ;0.149832010269     ;1
                    ;                   ;                   ;                   ;                   ;0.149080038071     ;0.149080038071     ;1
                    ;                   ;                   ;                   ;                   ;0.133555173874     ;0.133555173874     ;1
                    ;                   ;                   ;                   ;                   ;0.326658010483     ;0.326658010483     ;1
                    ;                   ;                   ;                   ;                   ;0.336366176605     ;0.336366176605     ;1
                    ;                   ;                   ;                   ;                   ;0.27118897438      ;0.27118897438      ;1
                    ;                   ;                   ;                   ;                   ;0.149891853333     ;0.149891853333     ;1
                    ;                   ;                   ;                   ;                   ;0.149578809738     ;0.149578809738     ;1
                    ;                   ;                   ;                   ;                   ;0.134092092514     ;0.134092092514     ;1
                    ;                   ;                   ;                   ;                   ;0.281091928482     ;0.281091928482     ;1
                    ;                   ;                   ;                   ;                   ;0.268935918808     ;0.268935918808     ;1
                    ;                   ;                   ;                   ;                   ;0.239279985428     ;0.239279985428     ;1
                    ;                   ;                   ;                   ;                   ;0.316045045853     ;0.316045045853     ;1
                    ;                   ;                   ;                   ;                   ;0.316326141357     ;0.316326141357     ;1
                    ;                   ;                   ;                   ;                   ;0.246717214584     ;0.246717214584     ;1
                    ;                   ;                   ;                   ;                   ;0.281207084656     ;0.281207084656     ;1
                    ;                   ;                   ;                   ;                   ;0.270280838013     ;0.270280838013     ;1
                    ;                   ;                   ;                   ;                   ;0.238780975342     ;0.238780975342     ;1
                    ;                   ;                   ;                   ;                   ;0.229994058609     ;0.229994058609     ;1
                    ;                   ;                   ;                   ;                   ;0.229471921921     ;0.229471921921     ;1
                    ;                   ;                   ;                   ;                   ;0.222229003906     ;0.222229003906     ;1
                    ;                   ;                   ;                   ;                   ;0.316792011261     ;0.316792011261     ;1
                    ;                   ;                   ;                   ;                   ;0.316909790039     ;0.316909790039     ;1
                    ;                   ;                   ;                   ;                   ;0.246721982956     ;0.246721982956     ;1
                    ;                   ;                   ;                   ;                   ;10.2667040825      ;10.2667040825      ;1
                    ;                   ;                   ;                   ;                   ;10.2683329582      ;10.2683329582      ;1
                    ;                   ;                   ;                   ;                   ;6.80038094521      ;6.80038094521      ;1
                    ;                   ;                   ;                   ;                   ;0.282072067261     ;0.282072067261     ;1
                    ;                   ;                   ;                   ;                   ;0.26905798912      ;0.26905798912      ;1
                    ;                   ;                   ;                   ;                   ;0.24027299881      ;0.24027299881      ;1
                    ;                   ;                   ;                   ;                   ;0.265985965729     ;0.265985965729     ;1
                    ;                   ;                   ;                   ;                   ;9.37827992439      ;9.37827992439      ;1
                    ;                   ;                   ;                   ;                   ;11.0435020924      ;11.0435020924      ;1
                    ;                   ;                   ;                   ;                   ;7.51034593582      ;7.51034593582      ;0
                    ;                   ;                   ;                   ;                   ;9.46478796005      ;9.46478796005      ;1
                    ;                   ;                   ;                   ;                   ;11.2072999477      ;11.2072999477      ;1
                    ;                   ;                   ;                   ;                   ;7.63396215439      ;7.63396215439      ;0
                    ;                   ;                   ;                   ;                   ;0.418573141098     ;0.418573141098     ;1
                    ;                   ;                   ;                   ;                   ;0.42657995224      ;0.42657995224      ;1
                    ;                   ;                   ;                   ;                   ;0.36784696579      ;0.36784696579      ;1
                    ;                   ;                   ;                   ;                   ;0.678203105927     ;0.678203105927     ;1
                    ;                   ;                   ;                   ;                   ;0.675761938095     ;0.675761938095     ;1
                    ;                   ;                   ;                   ;                   ;0.705328941345     ;0.705328941345     ;1
                    ;                   ;                   ;                   ;                   ;0.98041009903      ;0.98041009903      ;1
                    ;                   ;                   ;                   ;                   ;0.830891132355     ;0.830891132355     ;1
                    ;                   ;                   ;                   ;                   ;0.835422992706     ;0.835422992706     ;1
                    ;                   ;                   ;                   ;                   ;1.3961660862       ;1.3961660862       ;1
                    ;                   ;                   ;                   ;                   ;0.498150110245     ;0.498150110245     ;1
                    ;                   ;                   ;                   ;                   ;0.466307163239     ;0.466307163239     ;1
                    ;                   ;                   ;                   ;                   ;0.498586177826     ;0.498586177826     ;1
                    ;                   ;                   ;                   ;                   ;0.466036081314     ;0.466036081314     ;1
                    ;                   ;                   ;                   ;                   ;0.517436027527     ;0.517436027527     ;1
                    ;                   ;                   ;                   ;                   ;0.518379926682     ;0.518379926682     ;1
                    ;                   ;                   ;                   ;                   ;0.813107013702     ;0.813107013702     ;1
                    ;                   ;                   ;                   ;                   ;0.859946966171     ;0.859946966171     ;1
                    ;                   ;                   ;                   ;                   ;0.847897052765     ;0.847897052765     ;1
                    ;                   ;                   ;                   ;                   ;0.814725875854     ;0.814725875854     ;1
                    ;                   ;                   ;                   ;                   ;0.859928131104     ;0.859928131104     ;1
                    ;                   ;                   ;                   ;                   ;0.848587036133     ;0.848587036133     ;1
                    ;                   ;                   ;                   ;                   ;0.815455198288     ;0.815455198288     ;1
                    ;                   ;                   ;                   ;                   ;0.859975099564     ;0.859975099564     ;1
                    ;                   ;                   ;                   ;                   ;0.851626873016     ;0.851626873016     ;1
                    ;                   ;                   ;                   ;                   ;0.849916934967     ;0.849916934967     ;1
                    ;                   ;                   ;                   ;                   ;1.12398505211      ;1.12398505211      ;1
                    ;                   ;                   ;                   ;                   ;2.18570899963      ;2.18570899963      ;1
                    ;                   ;                   ;                   ;                   ;2.16858100891      ;2.16858100891      ;1
                    ;                   ;                   ;                   ;                   ;2.17887282372      ;2.17887282372      ;1
                    ;                   ;                   ;                   ;                   ;2.16716504097      ;2.16716504097      ;1
                    ;                   ;                   ;                   ;                   ;2.56956005096      ;2.56956005096      ;1
                    ;                   ;                   ;                   ;                   ;2.61337804794      ;2.61337804794      ;1
                    ;                   ;                   ;                   ;                   ;1.79382705688      ;1.79382705688      ;1
                    ;                   ;                   ;                   ;                   ;2.30822396278      ;2.30822396278      ;1
                    ;                   ;                   ;                   ;                   ;7.2942969799       ;7.2942969799       ;1
                    ;                   ;                   ;                   ;                   ;2.70845389366      ;2.70845389366      ;1
                    ;                   ;                   ;                   ;                   ;2.64797592163      ;2.64797592163      ;1
                    ;                   ;                   ;                   ;                   ;2.7911670208       ;2.7911670208       ;1
                    ;                   ;                   ;                   ;                   ;2.70850396156      ;2.70850396156      ;1
                    ;                   ;                   ;                   ;                   ;2.76314592361      ;2.76314592361      ;1
                    ;                   ;                   ;                   ;                   ;2.62053799629      ;2.62053799629      ;1
                    ;                   ;                   ;                   ;                   ;2.77094817162      ;2.77094817162      ;1
                    ;                   ;                   ;                   ;                   ;2.63760995865      ;2.63760995865      ;1
                    ;                   ;                   ;                   ;                   ;2.67655992508      ;2.67655992508      ;1
                    ;                   ;                   ;                   ;                   ;2.67107510567      ;2.67107510567      ;1
                    ;                   ;                   ;                   ;                   ;2.65184092522      ;2.65184092522      ;1
                    ;                   ;                   ;                   ;                   ;3.5911719799       ;3.5911719799       ;1
                    ;                   ;                   ;                   ;                   ;3.3126809597       ;3.3126809597       ;1
                    ;                   ;                   ;                   ;                   ;3.57815313339      ;3.57815313339      ;1
                    ;                   ;                   ;                   ;                   ;3.32513904572      ;3.32513904572      ;1
                    ;                   ;                   ;                   ;                   ;3.5894100666       ;3.5894100666       ;1
                    ;                   ;                   ;                   ;                   ;3.3027818203       ;3.3027818203       ;1
                    ;                   ;                   ;                   ;                   ;3.56210207939      ;3.56210207939      ;1
                    ;                   ;                   ;                   ;                   ;4.64152908325      ;4.64152908325      ;1
                    ;                   ;                   ;                   ;                   ;4.33951711655      ;4.33951711655      ;1
                    ;                   ;                   ;                   ;                   ;4.3438911438       ;4.3438911438       ;1
                    ;                   ;                   ;                   ;                   ;4.37174892426      ;4.37174892426      ;1
                    ;                   ;                   ;                   ;                   ;4.77690911293      ;4.77690911293      ;1
                    ;                   ;                   ;                   ;                   ;6.57034277916      ;6.57034277916      ;1
                    ;                   ;                   ;                   ;                   ;6.66930389404      ;6.66930389404      ;1
                    ;                   ;                   ;                   ;                   ;7.22296786308      ;7.22296786308      ;1
                    ;                   ;                   ;                   ;                   ;6.79368400574      ;6.79368400574      ;1
                    ;                   ;                   ;                   ;                   ;6.58986091614      ;6.58986091614      ;1
                    ;                   ;                   ;                   ;                   ;6.40664696693      ;6.40664696693      ;1
                    ;                   ;                   ;                   ;                   ;6.70297598839      ;6.70297598839      ;1
                    ;                   ;                   ;                   ;                   ;6.71777009964      ;6.71777009964      ;1
                    ;                   ;                   ;                   ;                   ;7.20987296104      ;7.20987296104      ;1
                    ;                   ;                   ;                   ;                   ;6.7619240284       ;6.7619240284       ;1
                    ;                   ;                   ;                   ;                   ;6.69125413895      ;6.69125413895      ;1
                    ;                   ;                   ;                   ;                   ;6.34199404716      ;6.34199404716      ;1
                    ;                   ;                   ;                   ;                   ;6.41677618027      ;6.41677618027      ;1
                    ;                   ;                   ;                   ;                   ;6.42714905739      ;6.42714905739      ;1
                    ;                   ;                   ;                   ;                   ;7.01410698891      ;7.01410698891      ;1
                    ;                   ;                   ;                   ;                   ;6.77846384048      ;6.77846384048      ;1
                    ;                   ;                   ;                   ;                   ;11.928828001       ;11.928828001       ;1
                    ;                   ;                   ;                   ;                   ;12.066644907       ;12.066644907       ;1
                    ;                   ;                   ;                   ;                   ;12.1418840885      ;12.1418840885      ;1
                    ;                   ;                   ;                   ;                   ;13.4057579041      ;13.4057579041      ;1
                    ;                   ;                   ;                   ;                   ;13.4169039726      ;13.4169039726      ;1
                    ;                   ;                   ;                   ;                   ;13.5246260166      ;13.5246260166      ;1
                    ;                   ;                   ;                   ;                   ;12.8439991474      ;12.8439991474      ;1
                    ;                   ;                   ;                   ;                   ;12.75978899        ;12.75978899        ;1
                    ;                   ;                   ;                   ;                   ;12.5008552074      ;12.5008552074      ;1
                    ;                   ;                   ;                   ;                   ;17.4363780022      ;17.4363780022      ;1
                    ;                   ;                   ;                   ;                   ;17.7562599182      ;17.7562599182      ;1
                    ;                   ;                   ;                   ;                   ;17.6674809456      ;17.6674809456      ;1
                    ;                   ;                   ;                   ;                   ;25.1615900993      ;25.1615900993      ;1
                    ;                   ;                   ;                   ;                   ;17.5895760059      ;17.5895760059      ;1
                    ;                   ;                   ;                   ;                   ;17.5806591511      ;17.5806591511      ;1
                    ;                   ;                   ;                   ;                   ;17.7456738949      ;17.7456738949      ;1
                    ;                   ;                   ;                   ;                   ;17.5231230259      ;17.5231230259      ;1
                    ;                   ;                   ;                   ;                   ;17.5109360218      ;17.5109360218      ;1
                    ;                   ;                   ;                   ;                   ;17.5898230076      ;17.5898230076      ;1
                    ;                   ;                   ;                   ;                   ;20.1573479176      ;20.1573479176      ;1
                    ;                   ;                   ;                   ;                   ;24.0161798         ;24.0161798         ;1
                    ;                   ;                   ;                   ;                   ;24.119125843       ;24.119125843       ;1
                    ;                   ;                   ;                   ;                   ;24.3654499054      ;24.3654499054      ;1
                    ;                   ;                   ;                   ;                   ;30.2915830612      ;30.2915830612      ;1
                    ;                   ;                   ;                   ;                   ;30.8689630032      ;30.8689630032      ;1
                    ;                   ;                   ;                   ;                   ;62.8747260571      ;62.8747260571      ;1
                    ;                   ;                   ;                   ;                   ;64.8472180367      ;64.8472180367      ;1
                    ;                   ;                   ;                   ;                   ;92.778993845       ;92.778993845       ;1
                    ;                   ;                   ;                   ;                   ;92.7334079742      ;92.7334079742      ;1
                    ;                   ;                   ;                   ;                   ;94.7814939022      ;94.7814939022      ;1
                    ;                   ;                   ;                   ;                   ;92.6278040409      ;92.6278040409      ;1
                    ;                   ;                   ;                   ;                   ;92.7055039406      ;92.7055039406      ;1
                    ;                   ;                   ;                   ;                   ;89.6201779842      ;89.6201779842      ;1
                    ;                   ;                   ;                   ;                   ;95.0334808826      ;95.0334808826      ;1
                    ;                   ;                   ;                   ;                   ;94.9466490746      ;94.9466490746      ;1
                    ;                   ;                   ;                   ;                   ;96.8566570282      ;96.8566570282      ;1
                    ;                   ;                   ;                   ;                   ;97.8453950882      ;97.8453950882      ;1
                    ;                   ;                   ;                   ;                   ;97.2008290291      ;97.2008290291      ;1
                    ;                   ;                   ;                   ;                   ;96.4623618126      ;96.4623618126      ;1
                    ;                   ;                   ;                   ;                   ;97.7311279774      ;97.7311279774      ;1
                    ;                   ;                   ;                   ;                   ;94.5772709846      ;94.5772709846      ;1
                    ;                   ;                   ;                   ;                   ;96.8873407841      ;96.8873407841      ;1
                    ;                   ;                   ;                   ;                   ;97.9824559689      ;97.9824559689      ;1
                    ;                   ;                   ;                   ;                   ;109.238436937      ;109.238436937      ;1
                    ;                   ;                   ;                   ;                   ;105.134773016      ;105.134773016      ;1
                    ;                   ;                   ;                   ;                   ;106.459326029      ;106.459326029      ;1
                    ;                   ;                   ;                   ;                   ;106.612637997      ;106.612637997      ;1
                    ;                   ;                   ;                   ;                   ;111.554452896      ;111.554452896      ;1
                    ;                   ;                   ;                   ;                   ;118.372860909      ;118.372860909      ;1
                    ;                   ;                   ;                   ;                   ;122.558751822      ;122.558751822      ;1
                    ;                   ;                   ;                   ;                   ;124.643707991      ;124.643707991      ;1
                    ;                   ;                   ;                   ;                   ;123.128250837      ;123.128250837      ;1
                    ;                   ;                   ;                   ;                   ;113.757381916      ;113.757381916      ;1
                    ;                   ;                   ;                   ;                   ;113.113060951      ;113.113060951      ;1
                    ;                   ;                   ;                   ;                   ;122.000380039      ;122.000380039      ;1
                    ;                   ;                   ;                   ;                   ;128.495537996      ;128.495537996      ;1
                    ;                   ;                   ;                   ;                   ;140.276771069      ;140.276771069      ;1
                    ;                   ;                   ;                   ;                   ;209.054853916      ;209.054853916      ;1
                    ;                   ;                   ;                   ;                   ;472.320226192      ;472.320226192      ;1
                    ;                   ;                   ;                   ;                   ;3755.979671        ;3755.979671        ;1
                    ;                   ;                   ;                   ;                   ;3227.772614        ;3227.772614        ;1
